event,id,prior_status,step
semantic_object_returned_to_null,so_fa2ccbad07,alive,84
semantic_object_returned_to_null,so_dfe6be6b5f,alive,84
semantic_object_returned_to_null,so_abb839ee56,alive,84
semantic_object_returned_to_null,so_efc91252f5,alive,84
semantic_object_returned_to_null,so_af5630b205,alive,84
semantic_object_returned_to_null,so_9b5a5df566,alive,84
semantic_object_returned_to_null,so_f552d9ac15,alive,84
semantic_object_returned_to_null,so_b693ececef,alive,84
semantic_object_returned_to_null,so_c24ba2763a,alive,84
semantic_object_returned_to_null,so_c2b7b22db0,alive,84
semantic_object_returned_to_null,so_8b54452316,alive,84
semantic_object_returned_to_null,so_2b63049f10,alive,84
semantic_object_returned_to_null,so_6defa31746,alive,84
semantic_object_returned_to_null,so_311f38617e,alive,84
semantic_object_returned_to_null,so_2d830d607d,alive,84
semantic_object_returned_to_null,so_460afbab26,redundant_return_pending,84
semantic_object_returned_to_null,so_63bee65b28,alive,84
semantic_object_returned_to_null,so_5b93cedd92,alive,84
semantic_object_returned_to_null,so_a6671adc70,alive,84
semantic_object_returned_to_null,so_b477ae4de9,redundant_return_pending,84
semantic_object_returned_to_null,so_24a77afa13,alive,84
semantic_object_returned_to_null,so_aeb9853f6b,alive,84
semantic_object_returned_to_null,so_df05a3fa93,alive,84
semantic_object_returned_to_null,so_2f8c1b7dea,alive,84
semantic_object_returned_to_null,so_b40d60a43a,alive,84
semantic_object_returned_to_null,so_5da0d003da,alive,84
semantic_object_returned_to_null,so_4305774493,alive,84
semantic_object_returned_to_null,so_4e21327777,alive,84
semantic_object_returned_to_null,so_a0c1c1bc08,alive,84
semantic_object_returned_to_null,so_4b0f9a2593,alive,84
semantic_object_returned_to_null,so_2af10d1b7b,alive,84
semantic_object_returned_to_null,so_76103db28f,alive,84
semantic_object_returned_to_null,so_13bd1d804e,alive,84
semantic_object_returned_to_null,so_f82d82c9b1,alive,84
semantic_object_returned_to_null,so_27385eb3a8,alive,84
semantic_object_returned_to_null,so_2c9ae403d2,alive,84
semantic_object_returned_to_null,so_7003a00abd,alive,84
semantic_object_returned_to_null,so_4e688fe128,alive,84
semantic_object_returned_to_null,so_3a5487d060,alive,84
semantic_object_returned_to_null,so_1cc9bcffe7,alive,84
semantic_object_returned_to_null,so_8cefbf83de,alive,84
semantic_object_returned_to_null,so_7305f96ac6,alive,84
semantic_object_returned_to_null,so_de33e2fd7d,alive,84
semantic_object_returned_to_null,so_6d7a17352a,alive,84
semantic_object_returned_to_null,so_b37e1419cf,alive,84
semantic_object_returned_to_null,so_9633749db1,alive,84
semantic_object_returned_to_null,so_01af7599d2,redundant_return_pending,84
semantic_object_returned_to_null,so_bd74aa4890,alive,84
semantic_object_returned_to_null,so_57ac386f7c,alive,84
semantic_object_returned_to_null,so_352c59398f,alive,84
semantic_object_returned_to_null,so_558be49d9e,alive,84
semantic_object_returned_to_null,so_b9162dfff0,alive,84
semantic_object_returned_to_null,so_a20484a1df,alive,84
semantic_object_returned_to_null,so_d7d35f5d04,alive,84
semantic_object_returned_to_null,so_6588e8ce24,alive,84
semantic_object_returned_to_null,so_456d86bc16,alive,84
semantic_object_returned_to_null,so_2e7c3feaa2,alive,84
semantic_object_returned_to_null,so_0103199fc9,alive,84
semantic_object_returned_to_null,so_386c6be091,alive,84
semantic_object_returned_to_null,so_79f4dd06cd,alive,84
semantic_object_returned_to_null,so_314d8c7c43,alive,84
semantic_object_returned_to_null,so_44f44a9d45,alive,84
semantic_object_returned_to_null,so_256fadb05d,alive,84
semantic_object_returned_to_null,so_d7f585ce22,alive,84
semantic_object_returned_to_null,so_d7b8ce6a21,alive,84
semantic_object_returned_to_null,so_3a2cfb1b28,alive,84
semantic_object_returned_to_null,so_7e7ccf4068,alive,84
semantic_object_returned_to_null,so_252a46d48a,alive,84
semantic_object_returned_to_null,so_62d05fb2b8,alive,84
semantic_object_returned_to_null,so_b5f6e17037,alive,84
semantic_object_returned_to_null,so_7b18873710,alive,84
semantic_object_returned_to_null,so_23f45a644e,alive,84
semantic_object_returned_to_null,so_0f8982f9bf,redundant_return_pending,84
semantic_object_returned_to_null,so_d626ba4bad,alive,84
semantic_object_returned_to_null,so_bf0b018e68,alive,84
semantic_object_returned_to_null,so_be9fc067ea,alive,84
semantic_object_returned_to_null,so_4fdd1ce0a8,alive,84
semantic_object_returned_to_null,so_b9caed7e65,alive,84
semantic_object_returned_to_null,so_6aa63154ab,alive,84
semantic_object_returned_to_null,so_09866e6fe6,redundant_return_pending,84
semantic_object_returned_to_null,so_fc8aa3f636,alive,84
semantic_object_returned_to_null,so_6739373066,alive,84
semantic_object_returned_to_null,so_0b7c401270,alive,84
semantic_object_returned_to_null,so_0b741e72ff,alive,84
semantic_object_returned_to_null,so_3c6c6cfc3f,alive,84
semantic_object_returned_to_null,so_71d2cb5572,alive,84
semantic_object_returned_to_null,so_65b2f2fbce,alive,84
semantic_object_returned_to_null,so_93a3818e0f,alive,84
semantic_object_returned_to_null,so_2ad96cf3bb,alive,84
semantic_object_returned_to_null,so_d9df6be2f8,alive,84
semantic_object_returned_to_null,so_5a2ff4f1bb,alive,84
semantic_object_returned_to_null,so_44ff5a5f1d,alive,84
semantic_object_returned_to_null,so_6802e31bd2,redundant_return_pending,84
semantic_object_returned_to_null,so_38f47a0da3,alive,84
semantic_object_returned_to_null,so_c7f3aa12ec,redundant_return_pending,84
semantic_object_returned_to_null,so_cb705fc8d3,alive,84
semantic_object_returned_to_null,so_b19b9255cf,alive,84
semantic_object_returned_to_null,so_cd8820e436,alive,84
semantic_object_returned_to_null,so_9f4e38801b,alive,84
semantic_object_returned_to_null,so_b933325d8e,alive,84
semantic_object_returned_to_null,so_f11a1c87b7,alive,84
semantic_object_returned_to_null,so_bfd6d7179a,alive,84
semantic_object_returned_to_null,so_136f61e5e7,alive,84
semantic_object_returned_to_null,so_c8dafabd62,alive,84
semantic_object_returned_to_null,so_5cd9c0c960,alive,84
semantic_object_returned_to_null,so_1a0d5292f4,alive,84
semantic_object_returned_to_null,so_da81d10c85,alive,84
semantic_object_returned_to_null,so_d8c784ac0f,alive,84
semantic_object_returned_to_null,so_f9dde0c230,alive,84
semantic_object_returned_to_null,so_30f9528daa,alive,84
semantic_object_returned_to_null,so_730c42941b,alive,84
semantic_object_returned_to_null,so_bc6184f1b0,alive,84
semantic_object_returned_to_null,so_b030b3d8a1,alive,84
semantic_object_returned_to_null,so_78a2e5462d,alive,84
semantic_object_returned_to_null,so_217f3041d2,redundant_return_pending,84
semantic_object_returned_to_null,so_af579d13ef,alive,84
semantic_object_returned_to_null,so_16d9cde5f0,alive,84
semantic_object_returned_to_null,so_4e1a42e5b8,alive,84
semantic_object_returned_to_null,so_09ce473a90,alive,84
semantic_object_returned_to_null,so_7a6759c758,alive,84
semantic_object_returned_to_null,so_c97295b870,alive,84
semantic_object_returned_to_null,so_9b53fc51d6,alive,84
semantic_object_returned_to_null,so_2aa44e8dcd,alive,84
semantic_object_returned_to_null,so_04429e8823,redundant_return_pending,84
semantic_object_returned_to_null,so_1faaeb9b2c,alive,84
semantic_object_returned_to_null,so_61df01fd4d,alive,84
semantic_object_returned_to_null,so_2c11bb82ba,alive,84
semantic_object_returned_to_null,so_00dbf406b4,alive,84
semantic_object_returned_to_null,so_6520ce448c,alive,84
semantic_object_returned_to_null,so_0747185f43,alive,84
semantic_object_returned_to_null,so_b42fcb8267,alive,84
semantic_object_returned_to_null,so_3265aeea63,alive,84
semantic_object_returned_to_null,so_5ca916c292,alive,84
semantic_object_returned_to_null,so_049da47719,alive,84
semantic_object_returned_to_null,so_25f48bcab0,alive,84
semantic_object_returned_to_null,so_4eda5b2655,redundant_return_pending,84
semantic_object_returned_to_null,so_e6c88e0e58,alive,84
semantic_object_returned_to_null,so_6fc630fbdf,redundant_return_pending,84
semantic_object_returned_to_null,so_97217bf472,redundant_return_pending,84
semantic_object_returned_to_null,so_e5cdee58c9,alive,84
semantic_object_returned_to_null,so_7968940973,redundant_return_pending,84
semantic_object_returned_to_null,so_3a3130bc60,redundant_return_pending,84
semantic_object_returned_to_null,so_9d83af633e,alive,84
semantic_object_returned_to_null,so_3d64c28987,alive,84
semantic_object_returned_to_null,so_f0f84b4643,alive,84
semantic_object_returned_to_null,so_22bc43cc2c,redundant_return_pending,84
semantic_object_returned_to_null,so_b99e2c9f33,alive,84
semantic_object_returned_to_null,so_cbff0cf1f3,alive,84
semantic_object_returned_to_null,so_1a29179700,alive,84
semantic_object_returned_to_null,so_d22d0d5308,alive,84
semantic_object_returned_to_null,so_93171b56b2,redundant_return_pending,84
semantic_object_returned_to_null,so_c1b2902940,alive,84
semantic_object_returned_to_null,so_335ca2f14a,alive,84
semantic_object_returned_to_null,so_bc01222666,alive,84
semantic_object_returned_to_null,so_fb0b9e3b26,alive,84
semantic_object_returned_to_null,so_f74b8a18d0,redundant_return_pending,84
semantic_object_returned_to_null,so_63b74c1447,redundant_return_pending,84
semantic_object_returned_to_null,so_15fda32f57,alive,84
semantic_object_returned_to_null,so_a87b6c6902,alive,84
semantic_object_returned_to_null,so_b8006858a4,alive,84
